Player,Team,Pos,G,MP,G,GS,MP,FG,FGA,FG%,3P,3PA,3P%,2P,2PA,2P%,FT,FTA,FT%,ORB,TRB,AST,STL,BLK,TOV,PF,PTS
Natalie Achonwa,MIN,F,22,332,22,0,332,7.2,14.0,.516,0.0,0.3,.000,7.2,13.7,.528,3.4,4.1,.815,3.8,13.8,5.7,1.4,1.1,3.4,5.5,17.8
Julie Allemand,CHI,G,25,402,25,4,402,3.1,7.5,.417,1.1,3.9,.290,2.0,3.6,.552,1.9,2.3,.833,1.1,4.9,10.7,1.8,0.4,4.1,2.9,9.3
Lindsay Allen,MIN,G,9,134,9,0,134,7.6,14.5,.526,3.0,5.3,.571,4.6,9.1,.500,4.6,5.0,.923,0.0,5.3,11.8,0.8,0.0,2.7,4.2,22.8
Rebecca Allen,NYL,F-G,25,523,25,19,523,6.3,16.6,.379,2.6,8.1,.313,3.7,8.4,.442,2.0,2.4,.833,0.8,8.2,3.0,1.9,2.4,2.4,4.7,17.1
Yvonne Anderson,CON,G,11,101,11,0,101,6.1,13.1,.462,2.0,5.0,.400,4.0,8.1,.500,3.5,3.5,1.000,1.5,4.5,6.1,1.5,1.0,5.5,7.1,17.7
Kristine Anigwe,PHO,F-C,10,65,10,1,65,3.9,7.9,.500,0.0,0.0,,3.9,7.9,.500,3.9,7.9,.500,3.9,10.2,1.6,0.8,1.6,4.7,9.4,11.8
Ariel Atkins,WAS,G,36,1081,36,36,1081,8.9,21.2,.420,3.4,9.3,.365,5.5,12.0,.464,4.2,5.0,.845,1.6,5.6,4.0,2.3,0.4,2.5,4.8,25.4
Amy Atwell,LAS,F,4,32,4,1,32,1.6,14.2,.111,1.6,9.4,.167,0.0,4.7,.000,0.0,0.0,,1.6,3.1,3.1,0.0,0.0,3.1,1.6,4.7
Shakira Austin,WAS,C-F,36,776,36,32,776,8.2,15.0,.547,0.0,0.1,.000,8.2,14.9,.550,4.6,7.3,.624,4.2,15.6,2.2,1.8,2.0,3.6,5.6,21.0
Rachel Banham,MIN,G,36,630,36,5,630,8.2,19.0,.430,4.6,12.1,.383,3.6,7.0,.512,1.9,2.4,.800,0.2,3.9,6.6,0.7,0.3,3.9,5.0,22.9
Kierstan Bell,LVA,F,21,121,21,1,121,4.1,13.5,.303,1.2,9.0,.136,2.9,4.5,.636,1.6,1.6,1.000,1.6,7.8,2.9,0.8,1.2,2.1,4.1,11.1
Katie Benzan,WAS,G,3,27,3,0,27,9.7,17.4,.556,9.7,13.5,.714,0.0,3.9,.000,5.8,7.7,.750,1.9,3.9,1.9,0.0,1.9,3.9,13.5,34.7
Monique Billings,ATL,F,23,401,23,8,401,6.9,14.7,.470,0.0,0.1,.000,6.9,14.6,.474,4.9,6.4,.765,5.6,18.3,3.3,2.4,1.0,3.9,6.8,18.7
Sue Bird,SEA,G,31,818,31,31,818,5.3,13.2,.403,3.5,9.0,.389,1.8,4.2,.433,1.0,1.0,1.000,0.4,3.7,11.6,2.3,0.2,3.7,1.4,15.1
DeWanna Bonner,CON,F-G,33,991,33,33,991,8.0,18.3,.439,2.4,7.2,.329,5.7,11.1,.512,4.4,5.3,.827,1.3,8.0,4.7,2.1,0.6,2.7,3.0,22.8
Lexie Brown,LAS,G,34,850,34,16,850,5.5,12.5,.441,3.1,7.9,.398,2.4,4.6,.513,0.2,0.4,.667,0.5,4.6,4.1,2.0,0.4,1.7,2.6,14.4
Kennedy Burke,WAS,G-F,16,222,16,4,222,7.7,17.4,.446,2.6,7.5,.344,5.2,9.9,.524,2.3,4.0,.588,1.9,8.2,1.6,3.8,0.9,1.9,4.0,20.4
Rae Burrell,LAS,G-F,3,44,3,1,44,1.1,10.3,.111,1.1,6.9,.167,0.0,3.4,.000,2.3,2.3,1.000,1.1,3.4,1.1,2.3,0.0,1.1,4.6,5.7
Veronica Burton,DAL,G,36,548,36,6,548,2.4,7.2,.329,1.1,4.0,.279,1.2,3.1,.394,3.0,3.0,1.000,1.6,5.0,6.4,3.2,1.0,3.3,4.8,8.8
Maya Caldwell,ATL,G,9,214,9,7,214,8.9,17.4,.514,4.2,7.5,.563,4.7,9.9,.476,0.9,1.2,.800,1.2,5.2,4.7,1.6,0.5,3.3,3.5,23.0
Liz Cambage,LAS,C,25,584,25,24,584,10.1,19.8,.509,0.3,1.2,.286,9.7,18.6,.523,7.5,9.6,.784,2.8,13.8,4.5,1.4,3.5,4.9,6.8,28.0
Jordin Canada,LAS,G,32,865,32,25,865,6.1,15.8,.384,0.4,2.9,.140,5.6,12.9,.439,4.6,5.7,.806,0.4,4.2,10.2,2.6,0.3,4.4,3.4,17.1
Bridget Carleton,MIN,F,36,606,36,2,606,4.5,11.4,.400,2.4,7.0,.349,2.1,4.4,.481,1.6,2.2,.731,1.0,6.5,3.4,1.3,0.4,1.9,4.7,13.1
DiJonai Carrington,CON,G-F,36,631,36,2,631,6.8,16.4,.414,1.5,5.0,.306,5.2,11.4,.461,4.6,6.1,.750,3.1,9.0,3.1,2.3,0.3,4.8,5.7,19.7
Chennedy Carter,LAS,G,24,393,24,2,393,10.9,24.2,.450,0.3,1.3,.200,10.6,22.9,.464,5.3,7.0,.745,1.2,5.8,5.9,1.9,1.2,5.5,6.7,27.3
Kaila Charles,ATL,G-F,1,2,1,0,2,0.0,0.0,,0.0,0.0,,0.0,0.0,,0.0,0.0,,0.0,0.0,0.0,0.0,0.0,0.0,25.2,0.0
Alysha Clark,WAS,F,29,766,29,29,766,6.2,13.3,.464,2.0,6.7,.303,4.2,6.6,.629,1.4,1.6,.913,1.6,8.9,4.0,1.9,0.5,2.6,3.7,15.9
Natasha Cloud,WAS,G,34,1065,34,34,1065,6.0,15.1,.399,2.1,6.6,.319,3.9,8.5,.462,3.7,4.5,.824,0.8,6.0,11.7,1.7,0.5,4.6,2.7,17.8
Nia Clouden,CON,G,28,250,28,0,250,3.7,10.8,.340,2.4,5.9,.414,1.2,4.9,.250,2.0,3.5,.588,0.4,4.7,4.3,1.2,0.2,2.4,5.3,11.8
Alaina Coates,IND,C,8,75,8,0,75,4.7,7.3,.636,0.0,0.0,,4.7,7.3,.636,9.3,10.0,.933,4.0,10.6,1.3,1.3,2.0,3.3,12.0,18.6
Nia Coffey,ATL,F,16,336,16,16,336,5.2,15.1,.347,1.3,4.6,.290,3.9,10.5,.371,3.4,4.6,.742,1.0,12.4,1.8,1.5,0.3,5.2,5.2,15.3
Charli Collier,DAL,C,17,78,17,0,78,7.9,17.9,.444,0.0,1.3,.000,7.9,16.5,.480,6.6,9.3,.714,2.6,6.6,1.3,0.7,0.0,6.6,12.6,22.5
Napheesa Collier,MIN,F,4,91,4,4,91,6.2,14.6,.423,1.1,3.9,.286,5.0,10.7,.474,2.8,3.9,.714,1.1,6.7,2.2,1.1,0.6,0.6,5.0,16.3
Sydney Colson,LVA,G,18,123,18,0,123,4.0,12.9,.313,1.2,4.4,.273,2.8,8.5,.333,2.0,2.0,1.000,1.2,3.2,7.3,0.8,0.0,2.8,5.7,11.3
Kahleah Copper,CHI,G-F,31,891,31,31,891,10.0,20.7,.481,2.0,5.7,.356,7.9,15.0,.528,5.7,7.3,.775,1.8,10.0,4.0,0.8,0.1,3.6,4.2,27.6
Lorela Cubaj,NYL,F-C,11,88,11,0,88,2.3,7.0,.333,0.0,0.0,,2.3,7.0,.333,0.0,0.0,,5.2,13.4,2.3,0.0,1.2,2.9,7.0,4.7
Elissa Cunane,MIN,C,3,10,3,0,10,5.1,10.2,.500,0.0,5.1,.000,5.1,5.1,1.000,0.0,0.0,,10.2,25.5,0.0,0.0,0.0,5.1,5.1,10.2
Sophie Cunningham,PHO,G,28,827,28,20,827,7.4,16.5,.449,4.3,10.8,.400,3.1,5.7,.543,2.6,3.0,.875,1.2,7.6,2.8,1.7,0.6,1.8,5.8,21.8
Damiris Dantas,MIN,F,15,262,15,15,262,5.5,17.9,.304,3.1,11.9,.262,2.3,6.0,.387,1.0,1.2,.833,1.9,11.1,5.5,0.6,0.2,3.1,3.5,15.0
Elena Delle Donne,WAS,F-G,25,694,25,25,694,11.6,24.3,.480,2.6,7.1,.368,9.0,17.1,.526,6.3,6.9,.913,2.3,11.9,4.3,0.9,2.0,2.0,2.7,32.2
Diamond DeShields,PHO,G,30,760,30,19,760,9.6,24.6,.388,1.4,6.0,.236,8.1,18.6,.437,5.9,7.7,.765,1.2,7.7,4.5,2.0,1.0,4.7,6.7,26.4
Jasmine Dickey,DAL,G,20,93,20,0,93,3.9,18.3,.212,0.6,2.2,.250,3.3,16.1,.207,3.3,5.0,.667,3.3,6.7,1.1,2.2,0.6,2.8,5.0,11.6
Skylar Diggins-Smith,PHO,G,30,1019,30,30,1019,10.4,24.3,.429,2.0,6.8,.296,8.4,17.6,.480,6.8,8.0,.844,1.4,6.1,8.3,2.3,1.5,4.0,4.1,29.6
Stefanie Dolson,NYL,C,36,826,36,36,826,7.0,14.2,.493,1.6,4.1,.394,5.4,10.1,.534,2.4,2.6,.905,2.7,10.7,4.1,0.8,1.7,3.5,7.0,18.0
Queen Egbo,IND,F-C,33,720,33,31,720,6.6,14.9,.442,0.0,0.0,,6.6,14.9,.442,3.4,5.3,.645,4.2,14.5,2.1,2.1,2.8,4.4,6.8,16.6
Emily Engstler,IND,F,35,638,35,6,638,5.6,14.2,.396,1.3,3.5,.356,4.4,10.7,.409,1.6,3.0,.553,5.6,14.2,4.0,2.1,3.1,3.8,8.6,14.2
Dana Evans,CHI,G,33,378,33,1,378,6.5,17.4,.377,2.9,8.9,.328,3.6,8.4,.429,2.9,3.3,.880,0.7,3.6,5.5,1.3,0.4,3.6,3.9,19.0
Sylvia Fowles,MIN,C,30,831,30,30,831,11.3,18.2,.622,0.0,0.0,,11.3,18.2,.622,3.9,6.0,.660,4.5,18.1,2.2,1.9,2.2,3.9,4.5,26.5
Rebekah Gardner,CHI,G,35,760,35,2,760,7.7,14.2,.542,1.0,2.8,.357,6.7,11.4,.587,3.2,4.0,.800,2.9,7.6,2.9,3.3,1.3,3.7,5.4,19.6
Allisha Gray,DAL,G,33,1086,33,33,1086,6.9,16.4,.423,3.0,7.5,.408,3.9,8.9,.436,3.9,4.9,.798,1.4,7.6,4.0,1.8,1.1,2.0,3.7,20.9
Chelsea Gray,LVA,G,35,1039,35,35,1039,8.7,17.8,.491,1.6,4.8,.340,7.1,13.0,.546,3.9,4.3,.910,0.5,5.4,10.1,2.7,0.5,3.8,2.6,23.0
Megan Gustafson,PHO,C,33,318,33,0,318,8.0,14.6,.549,1.9,4.2,.462,6.1,10.4,.585,2.1,2.7,.765,2.7,10.3,2.7,1.0,0.8,3.9,10.0,20.1
Dearica Hamby,LVA,F,34,901,34,32,901,6.4,13.7,.466,0.9,4.0,.219,5.5,9.7,.568,3.7,5.1,.720,2.6,13.2,2.1,2.0,0.3,2.8,3.7,17.4
Isabelle Harrison,DAL,F,35,644,35,18,644,9.3,19.9,.466,0.2,0.2,1.000,9.1,19.8,.462,5.8,6.6,.867,3.8,12.0,3.7,2.1,0.4,3.7,5.8,24.5
Tyasha Harris,DAL,G,35,552,35,5,552,6.4,15.4,.418,1.6,5.0,.315,4.9,10.4,.468,1.8,2.2,.792,0.6,3.0,9.3,1.2,0.4,3.6,3.3,16.3
Tianna Hawkins,WAS,F,25,320,25,0,320,7.2,18.6,.386,2.3,8.6,.264,4.9,9.9,.492,3.3,3.4,.952,2.4,9.6,3.3,1.5,0.3,4.9,7.0,19.9
Tiffany Hayes,ATL,G,11,303,11,11,303,11.0,20.1,.545,3.0,7.0,.429,8.0,13.1,.608,4.7,6.8,.683,0.5,6.6,3.8,1.3,0.2,3.7,5.5,29.6
Ruthy Hebard,CHI,F,24,232,24,0,232,5.4,10.7,.510,0.0,0.0,,5.4,10.7,.510,1.3,1.7,.750,1.7,8.9,2.6,1.7,0.7,2.8,6.3,12.2
Destanni Henderson,IND,G,36,589,36,5,589,6.0,15.0,.401,2.2,6.0,.366,3.8,9.0,.425,1.9,2.7,.719,2.3,4.8,7.5,2.3,0.3,5.1,2.7,16.2
Natisha Hiedeman,CON,G,36,901,36,31,901,6.7,15.5,.431,3.9,9.5,.411,2.8,6.0,.462,1.4,1.7,.800,0.3,3.6,6.7,2.4,0.2,2.7,3.7,18.6
Naz Hillmon,ATL,F,34,674,34,12,674,4.4,9.2,.480,0.0,0.1,.000,4.4,9.0,.488,2.4,2.9,.821,3.9,12.8,3.1,1.6,0.7,3.0,3.8,11.2
Myisha Hines-Allen,WAS,F,34,656,34,15,656,9.1,21.8,.415,2.3,6.3,.367,6.8,15.6,.434,3.6,5.1,.703,2.9,14.2,5.2,2.1,0.8,4.6,4.4,24.0
Joyner Holmes,CON,F,26,205,26,0,205,4.7,15.2,.311,1.2,5.5,.227,3.5,9.7,.359,2.5,3.2,.769,1.5,8.7,3.0,2.0,0.5,4.7,5.0,13.2
Natasha Howard,NYL,F,35,1048,35,35,1048,10.1,20.9,.482,1.5,4.5,.326,8.6,16.4,.525,4.3,6.0,.715,3.4,12.5,4.0,2.2,1.7,5.5,5.4,26.0
Rhyne Howard,ATL,G,34,1066,34,34,1066,8.7,24.0,.361,4.0,11.7,.343,4.7,12.3,.379,4.7,5.9,.792,1.3,7.3,4.5,2.5,1.2,2.5,4.1,26.1
Lexie Hull,IND,G,26,334,26,4,334,4.2,15.7,.267,1.2,6.4,.186,3.0,9.3,.323,5.4,6.0,.900,1.6,6.0,2.7,2.2,0.3,2.7,7.0,14.9
Sabrina Ionescu,NYL,G,36,1163,36,36,1163,9.3,22.6,.411,3.7,11.0,.333,5.6,11.6,.485,5.3,5.7,.931,1.5,11.2,10.1,1.7,0.4,4.8,3.4,27.6
Briann January,SEA,G,36,608,36,5,608,3.9,10.2,.377,1.9,6.2,.311,1.9,4.0,.479,1.6,1.9,.826,0.6,3.0,7.1,1.9,0.7,4.4,5.0,11.2
Marine Johannes,NYL,G,24,612,24,10,612,7.0,15.0,.464,4.6,10.6,.437,2.3,4.4,.528,1.7,1.9,.870,0.4,3.4,6.9,1.2,0.3,3.7,3.2,20.2
Brionna Jones,CON,F,36,905,36,7,905,10.5,18.4,.569,0.0,0.3,.000,10.5,18.1,.579,7.0,8.3,.844,5.3,10.4,2.5,2.5,0.7,3.0,5.3,27.9
Jonquel Jones,CON,C,33,871,33,32,871,10.3,20.1,.513,2.4,6.5,.369,7.9,13.6,.582,5.2,6.5,.802,5.0,16.6,3.5,2.0,2.2,5.0,5.2,28.2
Tina Krajisnik,CHI,C,2,5,2,0,5,0.0,10.1,.000,0.0,0.0,,0.0,10.1,.000,0.0,0.0,,0.0,0.0,20.2,10.1,0.0,0.0,20.2,0.0
Awak Kuier,DAL,F,33,416,33,0,416,4.2,10.7,.395,0.5,2.6,.190,3.7,8.1,.462,2.4,3.8,.613,3.0,10.3,3.6,1.6,3.6,2.4,3.2,11.3
Betnijah Laney-Hamilton,NYL,G-F,9,255,9,6,255,7.6,18.1,.422,2.2,5.8,.379,5.4,12.3,.443,2.8,3.2,.875,0.2,6.0,5.0,0.8,0.2,4.8,4.8,20.3
Jantel Lavender,SEA,F,27,329,27,4,329,7.0,17.1,.409,0.8,3.7,.208,6.2,13.3,.465,1.2,1.9,.667,4.0,13.8,3.7,0.5,0.6,3.7,4.7,16.0
Jewell Loyd,SEA,G,36,1090,36,36,1090,9.4,23.8,.396,3.9,10.2,.385,5.5,13.6,.403,4.7,5.2,.893,0.9,4.4,5.7,1.8,0.3,3.7,3.0,27.4
Marina Mabrey,DAL,G,34,951,34,32,951,9.7,23.0,.420,3.3,9.4,.351,6.3,13.6,.468,2.5,3.7,.681,1.1,6.7,6.8,1.5,0.7,4.5,4.7,25.2
Rui Machida,WAS,G,36,463,36,2,463,2.9,9.5,.310,0.8,3.8,.206,2.1,5.6,.380,0.7,1.0,.667,0.7,4.5,10.5,1.8,0.2,4.3,2.8,7.3
Ezi Magbegor,SEA,F-C,33,817,33,23,817,8.3,15.1,.550,0.6,1.8,.345,7.7,13.3,.577,2.4,3.3,.736,3.3,11.5,2.8,1.8,3.6,2.9,5.9,19.7
Anneli Maley,CHI,F,4,44,4,0,44,3.4,6.9,.500,2.3,3.4,.667,1.1,3.4,.333,0.0,0.0,,3.4,8.0,3.4,3.4,1.1,1.1,6.9,9.2
Kayla McBride,MIN,G,31,923,31,31,923,7.6,18.7,.405,2.6,7.3,.356,5.0,11.4,.437,5.0,5.5,.909,0.9,4.8,3.5,1.8,0.1,2.5,2.4,22.7
Angel McCoughtry,MIN,F-G,2,20,2,2,20,7.7,20.4,.375,0.0,2.6,.000,7.7,17.9,.429,15.3,15.3,1.000,0.0,15.3,5.1,2.6,5.1,7.7,7.7,30.6
Teaira McCowan,DAL,C,33,623,33,15,623,11.5,19.1,.602,0.0,0.0,,11.5,19.1,.602,7.0,11.6,.600,8.1,19.2,2.1,0.9,1.8,4.6,8.4,30.0
Aari McDonald,ATL,G,36,876,36,6,876,7.5,18.3,.411,2.8,8.2,.338,4.8,10.2,.469,5.1,5.8,.871,0.9,4.7,5.3,3.0,0.1,4.4,4.5,22.9
Emma Meesseman,CHI,F,36,1030,36,36,1030,9.5,16.7,.571,0.6,1.9,.342,8.9,14.8,.599,2.3,2.6,.887,3.0,9.8,6.7,2.5,1.5,2.5,4.4,22.0
Nikolina Milic,MIN,F,31,364,31,4,364,10.4,18.9,.548,0.8,3.1,.273,9.5,15.8,.602,4.3,5.9,.738,6.4,13.0,3.2,1.4,1.1,5.9,8.0,25.9
Kelsey Mitchell,IND,G,31,1010,31,31,1010,9.7,22.1,.438,3.6,8.7,.409,6.1,13.4,.458,5.2,6.0,.861,0.7,3.0,6.4,1.4,0.3,3.6,3.6,28.1
Tiffany Mitchell,IND,G,34,553,34,8,553,7.4,16.4,.451,1.1,2.8,.387,6.3,13.6,.464,4.1,4.7,.865,1.8,3.7,3.6,2.5,0.2,2.7,4.2,19.9
Beatrice Mompremier,ATL,F,21,175,21,0,175,5.8,12.7,.455,0.0,0.0,,5.8,12.7,.455,1.4,3.7,.385,5.8,17.0,2.3,0.6,3.5,4.3,8.1,12.9
Olivia Nelson-Ododa,LAS,C,30,436,30,6,436,5.4,9.7,.560,0.0,0.0,,5.4,9.7,.560,3.0,4.3,.703,3.9,10.3,1.3,1.0,2.8,3.5,8.9,13.9
Arike Ogunbowale,DAL,G,30,941,30,30,941,11.2,28.0,.400,4.5,12.9,.352,6.6,15.0,.442,5.4,6.8,.798,1.0,5.4,5.9,2.5,0.2,3.0,3.6,32.3
Chiney Ogwumike,LAS,F-C,26,478,26,7,478,7.3,15.6,.466,0.8,1.9,.444,6.4,13.7,.469,3.8,5.4,.706,5.5,15.0,2.9,2.0,0.9,3.9,7.5,19.2
Nneka Ogwumike,LAS,F,34,1068,34,34,1068,11.7,21.6,.544,1.0,2.7,.368,10.7,18.9,.569,4.5,5.4,.826,2.3,10.6,3.2,2.7,0.7,2.9,3.8,28.9
Michaela Onyenwere,NYL,F,34,466,34,1,466,5.4,14.3,.377,1.7,5.5,.300,3.7,8.8,.425,5.1,6.1,.836,1.4,7.7,1.4,1.5,0.9,2.8,7.6,17.5
Candace Parker,CHI,F-C,32,904,32,32,904,8.9,19.4,.458,2.3,7.5,.311,6.5,11.8,.552,3.5,4.2,.816,1.7,15.4,8.1,1.7,1.7,4.4,3.9,23.6
Cheyenne Parker-Tyus,ATL,F,36,942,36,35,942,9.4,18.8,.500,0.6,2.9,.218,8.8,15.9,.552,3.3,4.2,.795,3.2,11.9,3.8,2.0,1.7,3.8,5.2,22.8
Shey Peddy,PHO,G,34,974,34,24,974,6.1,14.7,.418,2.5,7.7,.329,3.6,7.0,.515,2.9,3.3,.889,2.4,6.7,6.1,2.8,0.4,2.5,3.3,17.7
Raina Perez,SEA,G,1,2,1,0,2,0.0,0.0,,0.0,0.0,,0.0,0.0,,0.0,0.0,,0.0,0.0,25.5,0.0,0.0,0.0,0.0,0.0
Theresa Plaisance,LVA,F,31,401,31,2,401,5.3,14.4,.371,3.8,11.0,.348,1.5,3.3,.444,0.9,1.2,.700,2.0,9.9,1.9,1.0,1.6,2.5,5.1,15.4
Kelsey Plum,LVA,G,36,1182,36,36,1182,10.3,22.3,.460,4.7,11.3,.420,5.5,11.0,.500,5.3,6.3,.839,0.4,4.0,7.7,1.5,0.1,3.9,3.8,30.5
Khayla Pointer,IND,G,10,58,10,0,58,6.0,10.3,.583,0.9,3.4,.250,5.2,6.9,.750,6.0,12.0,.500,0.9,6.9,1.7,1.7,0.0,7.7,1.7,18.9
Aerial Powers,MIN,G,35,943,35,31,943,9.2,23.9,.385,1.8,5.8,.308,7.4,18.1,.410,7.1,8.8,.815,2.5,8.9,5.4,2.3,0.6,4.9,3.4,27.3
Epiphanny Prince,SEA,G,33,406,33,0,406,5.5,15.6,.355,2.6,7.4,.356,2.9,8.2,.354,2.6,3.1,.840,0.8,4.0,7.3,2.6,0.4,1.9,3.8,16.3
Allie Quigley,CHI,G,34,895,34,34,895,7.3,17.1,.428,2.8,8.0,.355,4.5,9.2,.491,4.3,4.5,.950,1.0,4.9,5.5,1.4,0.4,2.5,2.8,21.8
DiDi Richards,NYL,G-F,14,155,14,0,155,3.6,11.9,.306,1.0,3.6,.273,2.6,8.3,.320,2.3,3.3,.700,1.7,7.9,6.6,0.3,1.7,4.3,8.3,10.6
Danielle Robinson,IND,G,31,732,31,30,732,5.8,13.8,.419,0.6,2.7,.225,5.2,11.1,.466,3.5,4.1,.850,0.8,6.1,8.1,1.5,0.3,3.5,3.0,15.7
Iliana Rupert,LVA,C,17,223,17,0,223,5.6,12.0,.463,3.1,8.5,.368,2.4,3.6,.688,0.2,0.7,.333,2.4,8.7,3.3,1.6,0.0,2.0,7.8,14.5
Mercedes Russell,SEA,C,5,54,5,0,54,3.8,7.6,.500,0.0,0.0,,3.8,7.6,.500,1.9,2.8,.667,1.9,8.5,0.9,0.0,0.0,6.6,6.6,9.5
Satou Sabally,DAL,F,11,239,11,6,239,8.8,22.2,.398,2.2,9.3,.233,6.7,13.0,.517,6.9,7.6,.914,1.9,11.4,5.0,1.1,0.4,5.4,7.6,26.8
Karlie Samuelson,PHO,G,1,10,1,0,10,5.1,15.3,.333,5.1,15.3,.333,0.0,0.0,,0.0,0.0,,0.0,15.3,5.1,0.0,0.0,5.1,5.1,15.3
Katie Lou Samuelson,LAS,F,32,943,32,29,943,5.7,15.3,.373,3.0,8.5,.352,2.7,6.8,.398,2.2,2.6,.837,0.9,5.1,3.3,1.8,0.4,1.8,2.8,16.6
Jessica Shepard,MIN,F,36,941,36,22,941,5.9,11.7,.502,0.3,1.2,.261,5.5,10.4,.531,3.7,5.1,.734,3.9,14.4,5.8,0.8,0.7,3.4,4.1,15.8
Aisha Sheppard,LVA,G,23,174,23,0,174,2.9,12.0,.238,2.6,9.4,.273,0.3,2.6,.111,1.7,2.3,.750,1.7,4.0,2.0,1.4,0.3,2.0,7.4,10.0
Jennie Simms,PHO,G,23,303,23,4,303,5.1,10.6,.476,0.7,3.2,.211,4.4,7.4,.591,2.5,3.2,.789,2.2,8.6,3.4,2.0,0.2,4.0,6.4,13.3
Hannah Sjerven,MIN,C,3,9,3,0,9,0.0,5.7,.000,0.0,0.0,,0.0,5.7,.000,0.0,0.0,,0.0,0.0,0.0,0.0,5.7,0.0,11.3,0.0
Destiny Slocum,ATL,G,3,41,3,0,41,4.9,13.5,.364,3.7,11.0,.333,1.2,2.5,.500,3.7,6.1,.600,0.0,4.9,4.9,0.0,0.0,6.1,4.9,17.2
Kamiah Smalls,MIN,G,3,34,3,0,34,3.0,12.0,.250,0.0,6.0,.000,3.0,6.0,.500,0.0,0.0,,0.0,7.5,9.0,6.0,0.0,6.0,9.0,6.0
Alanna Smith,IND,F,9,116,9,1,116,6.0,18.1,.333,2.6,10.8,.240,3.4,7.3,.471,2.2,3.0,.714,3.4,10.3,2.2,3.4,2.6,3.4,7.3,16.8
Kianna Smith,LAS,G,11,113,11,0,113,4.9,15.6,.314,2.2,8.0,.278,2.7,7.6,.353,0.9,0.9,1.000,2.2,4.0,2.7,1.8,0.0,1.8,4.9,12.9
NaLyssa Smith,IND,F,32,983,32,32,983,8.1,19.4,.419,1.9,4.9,.381,6.2,14.5,.432,3.9,6.2,.618,3.6,12.8,2.3,0.8,0.4,3.9,4.7,22.0
Azura Stevens,CHI,F-C,35,768,35,8,768,9.9,20.9,.472,2.8,7.6,.362,7.1,13.3,.535,1.9,2.6,.744,1.4,9.0,1.8,1.1,2.6,1.7,4.0,24.4
Breanna Stewart,SEA,F,34,1052,34,34,1052,12.4,26.2,.472,3.3,8.6,.379,9.1,17.6,.518,8.0,9.5,.837,2.2,12.5,4.7,2.6,1.5,2.1,3.5,36.0
Kiah Stokes,LVA,C,31,475,31,4,475,2.7,6.4,.426,0.5,2.5,.208,2.2,3.9,.568,1.4,1.7,.813,2.9,14.1,2.1,1.5,2.6,1.9,4.1,7.3
Brittney Sykes,LAS,G,32,921,32,24,921,8.3,19.2,.433,0.8,2.8,.269,7.5,16.3,.462,4.8,6.2,.770,1.3,6.4,6.4,3.6,1.2,4.6,4.6,22.1
Stephanie Talbot,SEA,F,34,548,34,1,548,6.0,12.9,.464,2.7,6.8,.397,3.3,6.1,.538,1.3,2.2,.583,2.1,10.0,4.2,2.1,1.0,3.4,4.1,15.9
Diana Taurasi,PHO,G,31,962,31,31,962,8.0,21.4,.373,4.9,14.5,.337,3.1,6.9,.450,6.7,7.5,.894,0.4,5.6,6.4,1.2,1.0,4.5,4.7,27.6
Sparkle Taylor,CHI,G,2,25,2,0,25,10.1,12.1,.833,0.0,2.0,.000,10.1,10.1,1.000,2.0,2.0,1.000,0.0,4.0,0.0,0.0,0.0,2.0,6.1,22.2
Alyssa Thomas,CON,F,36,1154,36,36,1154,8.3,16.6,.500,0.0,0.1,.000,8.3,16.5,.503,4.8,6.5,.730,3.3,13.0,9.6,2.7,0.3,4.5,4.5,21.4
Jasmine Thomas,CON,G,5,109,5,5,109,3.7,14.0,.267,2.3,6.1,.385,1.4,7.9,.176,5.6,6.1,.923,0.9,5.1,7.0,1.4,0.5,3.3,3.3,15.4
Sam Thomas,PHO,G-F,24,118,24,0,118,1.7,8.2,.211,0.4,6.5,.067,1.3,1.7,.750,0.4,0.4,1.000,0.9,2.2,2.6,2.6,0.9,1.7,5.2,4.3
Kayla Thornton,DAL,F,36,1050,36,35,1050,4.8,10.2,.469,1.2,3.8,.325,3.5,6.4,.554,3.3,4.0,.829,3.2,10.4,3.2,1.9,1.0,2.1,4.8,14.1
Kristi Toliver,LAS,G,11,218,11,10,218,4.4,11.8,.373,3.0,8.3,.361,1.4,3.5,.400,3.2,3.7,.875,0.0,1.8,7.9,0.9,0.0,5.8,3.2,15.0
Brianna Turner,PHO,F,35,1168,35,35,1168,3.0,4.9,.607,0.0,0.0,,3.0,4.9,.607,0.7,1.3,.500,3.0,10.4,3.5,1.9,2.5,2.2,3.5,6.6
Courtney Vandersloot,CHI,G,32,849,32,32,849,8.1,16.8,.481,1.7,4.7,.367,6.4,12.1,.525,4.5,5.8,.765,1.4,7.4,12.3,2.3,1.0,5.2,3.2,22.4
Kia Vaughn,ATL,C,29,401,29,1,401,4.0,10.0,.400,0.0,0.1,.000,4.0,9.9,.405,1.1,1.6,.692,3.8,11.7,3.1,1.3,1.0,4.3,6.3,9.2
Victoria Vivians,IND,G-F,35,940,35,30,940,6.7,19.9,.336,2.3,8.3,.280,4.4,11.6,.376,2.4,3.3,.742,1.2,6.6,4.5,2.0,0.5,3.8,4.4,18.2
Jasmine Walker,LAS,F,32,281,32,1,281,3.4,13.6,.250,1.8,9.0,.200,1.6,4.7,.346,0.5,0.5,1.000,2.1,8.6,1.1,1.1,0.5,2.7,5.4,9.1
Megan Walker,ATL,F,12,115,12,0,115,6.1,16.6,.368,3.1,8.3,.368,3.1,8.3,.368,1.8,2.6,.667,1.3,3.9,2.2,1.3,0.0,5.3,3.5,17.1
Shatori Walker-Kimbrough,WAS,G,35,705,35,3,705,5.9,14.7,.402,1.9,5.5,.347,4.0,9.2,.435,4.1,4.5,.902,0.7,4.7,3.9,2.7,0.7,2.9,3.2,17.8
Kristy Wallace,ATL,G,29,602,29,18,602,5.5,13.5,.407,2.1,5.7,.368,3.4,7.9,.436,2.8,3.5,.786,1.5,5.7,5.3,1.4,0.5,3.7,4.8,15.9
Erica Wheeler,ATL,G,30,789,30,30,789,6.3,17.6,.355,1.5,4.7,.329,4.7,12.9,.365,2.0,2.6,.756,1.2,5.9,7.5,2.0,0.1,4.8,4.7,16.0
Sami Whitcomb,NYL,G,35,746,35,6,746,5.1,13.8,.368,4.1,11.6,.351,1.0,2.3,.455,1.4,1.6,.870,0.7,5.6,5.6,1.7,0.3,3.4,3.9,15.6
Courtney Williams,CON,G,34,950,34,34,950,8.8,20.8,.426,1.2,3.5,.338,7.7,17.3,.444,1.4,1.9,.750,1.6,8.4,6.0,1.8,0.8,3.1,2.9,20.3
Elizabeth Williams,WAS,C-F,30,447,30,0,447,7.9,16.4,.482,0.0,0.0,,7.9,16.4,.482,2.9,5.0,.581,5.2,13.4,1.6,2.1,2.2,2.2,5.1,18.8
Gabby Williams,SEA,F,36,920,36,36,920,6.0,13.5,.444,1.0,3.9,.257,5.0,9.6,.520,1.9,2.5,.778,2.4,9.9,6.2,3.0,0.7,2.9,3.3,14.9
Riquna Williams,LVA,G,21,377,21,0,377,5.9,15.5,.381,4.5,12.3,.366,1.4,3.3,.440,2.1,2.8,.762,0.7,5.5,3.3,1.2,0.4,0.8,4.6,18.4
Jocelyn Willoughby,NYL,F-G,11,121,11,4,121,4.7,11.0,.423,1.3,4.7,.273,3.4,6.4,.533,1.7,3.4,.500,0.8,7.6,1.7,2.1,0.8,3.8,3.4,12.3
A'ja Wilson,LVA,C,36,1080,36,36,1080,12.0,23.9,.501,1.4,3.8,.373,10.5,20.0,.525,7.0,8.6,.813,3.0,15.6,3.4,2.4,3.2,2.8,3.5,32.3
Han Xu,NYL,C,32,538,32,0,538,10.4,21.1,.493,1.5,3.4,.444,8.9,17.6,.503,3.7,4.7,.796,3.6,11.0,2.9,1.6,2.0,2.2,3.0,26.0
Jackie Young,LVA,G,34,1129,34,34,1129,8.4,17.6,.476,2.2,5.1,.431,6.2,12.5,.495,4.8,5.6,.859,1.9,6.5,5.8,2.1,0.4,1.9,3.6,23.8
Li Yueru,CHI,C,16,82,16,0,82,4.9,11.1,.444,0.0,0.0,,4.9,11.1,.444,7.4,7.4,1.000,3.1,14.8,1.2,1.2,1.2,8.0,5.5,17.2
Emma Cannon,TOT,F,24,334,24,2,334,9.0,17.0,.526,1.3,2.7,.500,7.6,14.3,.531,5.2,7.2,.729,3.3,11.2,1.9,2.1,0.3,2.4,7.2,24.5
Tina Charles,TOT,C,34,983,34,26,983,10.3,22.5,.457,2.0,5.7,.355,8.3,16.8,.492,3.5,4.2,.827,2.7,12.9,3.5,1.3,1.2,3.8,5.0,26.1
Crystal Dangerfield,TOT,G,33,711,33,27,711,4.8,12.0,.398,1.7,5.1,.324,3.1,6.8,.453,1.8,2.4,.735,1.0,4.8,6.1,1.3,0.3,2.2,3.1,13.0
Kaela Davis,TOT,F,7,55,7,0,55,12.0,19.5,.619,3.7,5.6,.667,8.3,13.9,.600,3.7,4.6,.800,2.8,8.3,0.9,1.9,0.0,5.6,8.3,31.5
Rennia Davis,TOT,G-F,8,43,8,0,43,5.8,15.1,.385,0.0,2.3,.000,5.8,12.8,.455,0.0,0.0,,3.5,9.3,1.2,2.3,0.0,4.6,3.5,11.6
AD Durr,TOT,G,25,368,25,2,368,8.2,20.9,.395,3.2,7.8,.404,5.1,13.0,.389,4.3,5.4,.795,1.0,4.1,4.1,1.4,0.5,3.0,4.4,23.9
Reshanda Gray,TOT,F,27,237,27,0,237,5.4,12.3,.439,0.6,3.0,.214,4.7,9.3,.512,1.3,1.9,.667,3.4,11.4,2.4,1.5,1.1,5.8,12.1,12.7
Bria Hartley,TOT,G,13,123,13,0,123,5.7,15.1,.378,2.9,6.9,.412,2.9,8.2,.350,1.6,2.4,.667,0.4,4.9,5.7,1.6,0.0,4.1,2.9,15.9
Moriah Jefferson,TOT,G,31,809,31,30,809,7.4,16.3,.452,2.3,4.8,.474,5.1,11.5,.443,3.3,4.1,.815,0.7,4.7,9.3,2.3,0.3,4.3,4.2,20.4
Jazmine Jones,TOT,G,8,47,8,0,47,2.2,8.7,.250,0.0,3.3,.000,2.2,5.4,.400,2.2,5.4,.400,0.0,2.2,1.1,2.2,0.0,3.3,5.4,6.5
Stephanie Jones,TOT,F,5,27,5,0,27,5.8,15.3,.375,1.9,3.8,.500,3.8,11.5,.333,3.8,3.8,1.000,1.9,3.8,3.8,1.9,0.0,0.0,9.6,17.3
Odyssey Sims,TOT,G,7,145,7,0,145,6.0,18.6,.321,1.4,5.3,.267,4.6,13.4,.342,3.5,5.3,.667,0.7,4.6,7.0,2.8,0.7,4.2,3.9,16.9
Yvonne Turner,TOT,G,9,139,9,2,139,4.4,13.6,.324,1.1,2.6,.429,3.3,11.0,.300,3.3,4.0,.818,1.1,5.1,6.6,1.1,0.0,4.8,4.4,13.2
Evina Westbrook,TOT,G,20,205,20,2,205,5.0,13.2,.377,1.2,5.0,.250,3.7,8.2,.455,2.7,3.7,.733,0.2,5.0,5.7,2.0,1.7,3.7,4.5,14.0
Kiana Williams,TOT,G,4,30,4,0,30,3.4,13.6,.250,1.7,6.8,.250,1.7,6.8,.250,0.0,0.0,,0.0,3.4,8.5,0.0,0.0,3.4,1.7,8.5
Emma Cannon,PHO,F,1,6,1,0,6,8.5,8.5,1.000,0.0,0.0,,8.5,8.5,1.000,8.5,17.0,.500,0.0,17.0,8.5,0.0,0.0,0.0,0.0,25.6
Tina Charles,PHO,C,16,530,16,16,530,10.0,22.8,.441,2.3,6.4,.364,7.7,16.4,.471,4.2,5.3,.800,1.4,11.2,3.3,1.3,1.2,3.8,4.1,26.6
Crystal Dangerfield,IND,G,3,49,3,0,49,6.1,14.3,.429,2.0,6.1,.333,4.1,8.1,.500,4.1,4.1,1.000,1.0,3.1,10.2,0.0,2.0,3.1,1.0,18.3
Kaela Davis,CHI,F,1,10,1,0,10,0.0,5.0,.000,0.0,0.0,,0.0,5.0,.000,0.0,0.0,,0.0,5.0,5.0,0.0,0.0,10.1,15.1,0.0
Rennia Davis,MIN,G-F,1,3,1,0,3,17.0,17.0,1.000,0.0,0.0,,17.0,17.0,1.000,0.0,0.0,,0.0,0.0,0.0,0.0,0.0,17.0,0.0,34.0
AD Durr,NYL,G,10,70,10,0,70,2.2,12.5,.176,0.7,6.6,.111,1.5,5.9,.250,5.1,5.9,.875,0.0,0.7,2.9,3.7,1.5,3.7,2.9,10.3
Reshanda Gray,SEA,F,11,85,11,0,85,6.0,12.0,.500,1.2,1.8,.667,4.8,10.2,.471,3.0,3.6,.833,6.6,14.4,0.6,1.2,0.0,5.4,11.4,16.2
Bria Hartley,IND,G,10,87,10,0,87,5.2,14.9,.346,1.7,5.2,.333,3.4,9.8,.353,2.3,3.4,.667,0.6,5.7,5.7,0.6,0.0,5.2,2.9,14.3
Moriah Jefferson,DAL,G,1,4,1,0,4,0.0,0.0,,0.0,0.0,,0.0,0.0,,0.0,0.0,,0.0,0.0,0.0,0.0,0.0,0.0,0.0,0.0
Jazmine Jones,CON,G,7,44,7,0,44,2.3,8.1,.286,0.0,2.3,.000,2.3,5.8,.400,2.3,5.8,.400,0.0,1.2,1.2,2.3,0.0,3.5,5.8,6.9
Stephanie Jones,WAS,F,3,19,3,0,19,8.2,19.2,.429,2.7,5.5,.500,5.5,13.7,.400,0.0,0.0,,2.7,5.5,2.7,2.7,0.0,0.0,11.0,19.2
Odyssey Sims,MIN,G,2,54,2,0,54,6.6,21.7,.304,0.9,3.8,.250,5.7,18.0,.316,3.8,8.5,.444,0.9,6.6,6.6,0.9,1.9,4.7,3.8,18.0
Yvonne Turner,MIN,G,4,88,4,2,88,4.6,15.1,.308,1.7,4.1,.429,2.9,11.0,.263,3.5,4.1,.857,1.2,5.8,5.8,1.2,0.0,7.0,5.8,14.5
Evina Westbrook,MIN,G,14,173,14,2,173,4.1,13.0,.318,0.6,4.1,.143,3.5,8.8,.400,1.8,2.7,.667,0.3,5.9,5.9,1.8,1.8,3.5,4.1,10.6
Kiana Williams,SEA,G,3,27,3,0,27,3.8,15.1,.250,1.9,7.6,.250,1.9,7.6,.250,0.0,0.0,,0.0,3.8,9.5,0.0,0.0,3.8,1.9,9.5
Emma Cannon,IND,F,23,328,23,2,328,9.0,17.2,.522,1.4,2.7,.500,7.6,14.5,.526,5.2,7.0,.739,3.3,11.1,1.8,2.1,0.3,2.4,7.3,24.5
Kaela Davis,SEA,F,1,18,1,0,18,11.3,19.8,.571,5.7,8.5,.667,5.7,11.3,.500,2.8,2.8,1.000,2.8,5.7,0.0,5.7,0.0,2.8,11.3,31.2
Rennia Davis,IND,G-F,7,40,7,0,40,5.0,15.0,.333,0.0,2.5,.000,5.0,12.5,.400,0.0,0.0,,3.7,10.0,1.2,2.5,0.0,3.7,3.7,10.0
Moriah Jefferson,MIN,G,30,805,30,30,805,7.4,16.4,.452,2.3,4.8,.474,5.1,11.6,.443,3.4,4.1,.815,0.7,4.8,9.3,2.3,0.3,4.3,4.2,20.5
Kaela Davis,PHO,F,5,27,5,0,27,17.0,24.6,.692,3.8,5.7,.667,13.3,18.9,.700,5.7,7.6,.750,3.8,11.4,0.0,0.0,0.0,5.7,3.8,43.5
Odyssey Sims,CON,G,5,91,5,0,91,5.6,16.8,.333,1.7,6.2,.273,3.9,10.6,.368,3.4,3.4,1.000,0.6,3.4,7.3,3.9,0.0,3.9,3.9,16.2
Crystal Dangerfield,NYL,G,30,662,30,27,662,4.7,11.8,.395,1.6,5.0,.323,3.0,6.7,.448,1.6,2.3,.700,1.0,4.9,5.8,1.4,0.2,2.2,3.3,12.6
Stephanie Jones,CON,F,2,8,2,0,8,0.0,6.4,.000,0.0,0.0,,0.0,6.4,.000,12.7,12.7,1.000,0.0,0.0,6.4,0.0,0.0,0.0,6.4,12.7
Kiana Williams,CON,G,1,3,1,0,3,0.0,0.0,,0.0,0.0,,0.0,0.0,,0.0,0.0,,0.0,0.0,0.0,0.0,0.0,0.0,0.0,0.0
Yvonne Turner,ATL,G,2,16,2,0,16,0.0,3.1,.000,0.0,0.0,,0.0,3.1,.000,3.1,6.3,.500,3.1,6.3,3.1,3.1,0.0,3.1,0.0,3.1
Yvonne Turner,PHO,G,3,35,3,0,35,5.8,14.6,.400,0.0,0.0,,5.8,14.6,.400,2.9,2.9,1.000,0.0,2.9,10.2,0.0,0.0,0.0,2.9,14.6
Jazmine Jones,WAS,G,1,3,1,0,3,0.0,17.4,.000,0.0,17.4,.000,0.0,0.0,,0.0,0.0,,0.0,17.4,0.0,0.0,0.0,0.0,0.0,0.0
AD Durr,ATL,G,15,298,15,2,298,9.6,22.8,.422,3.7,8.1,.458,5.9,14.7,.402,4.1,5.2,.774,1.2,4.9,4.4,0.8,0.3,2.9,4.7,27.0
Bria Hartley,CON,G,3,36,3,0,36,7.1,15.6,.455,5.7,11.3,.500,1.4,4.2,.333,0.0,0.0,,0.0,2.8,5.7,4.2,0.0,1.4,2.8,19.8
Reshanda Gray,PHO,F,16,152,16,0,152,5.0,12.4,.405,0.3,3.7,.091,4.7,8.7,.538,0.3,1.0,.333,1.7,9.8,3.4,1.7,1.7,6.1,12.4,10.8
Evina Westbrook,WAS,G,6,32,6,0,32,9.8,14.7,.667,4.9,9.8,.500,4.9,4.9,1.000,8.1,9.8,.833,0.0,0.0,4.9,3.3,1.6,4.9,6.5,32.6
Tina Charles,SEA,C,18,453,18,10,453,10.6,22.2,.477,1.7,5.0,.341,8.9,17.2,.516,2.6,2.9,.885,4.1,15.0,3.7,1.4,1.2,3.8,6.0,25.5